{
  "schemaVersion": 1,
  "createdAt": "2026-01-14T20:25:20.694148Z",
  "imagery": {
    "providerId": "esri_world_imagery",
    "zoom": 19
  },
  "patchSizePx": 512,
  "samples": [
    {
      "id": "sample_tree",
      "kind": "tree",
      "labelId": "sample_tree",
      "regionId": "region_1",
      "centerLat": 37.7749,
      "centerLon": -122.4194,
      "zoom": 19,
      "sizePx": 512,
      "imagePath": "images/sample_tree.png",
      "annotations": [
        {
          "kind": "tree",
          "class": "tree_deciduous",
          "centerPx": {
            "x": 256,
            "y": 256
          },
          "radiusPx": 40,
          "derivedHeightMeters": 10.0
        }
      ]
    },
    {
      "id": "sample_sign",
      "kind": "sign",
      "labelId": "sample_sign",
      "regionId": "region_1",
      "centerLat": 37.7749,
      "centerLon": -122.4194,
      "zoom": 19,
      "sizePx": 512,
      "imagePath": "images/sample_sign.png",
      "annotations": [
        {
          "kind": "sign",
          "class": "billboard",
          "centerPx": {
            "x": 256,
            "y": 256
          },
          "yawDeg": 0
        }
      ]
    },
    {
      "id": "sample_negative",
      "kind": "negative",
      "regionId": "region_1",
      "centerLat": 37.7749,
      "centerLon": -122.4194,
      "zoom": 19,
      "sizePx": 512,
      "imagePath": "images/sample_negative.png",
      "annotations": []
    }
  ]
}