latitude,longitude,elevation_m,elevation_ft
44.743746652,-93.378411365,279.782,917.920
44.743746652,-93.378352785,279.647,917.477
44.743746652,-93.378294206,279.516,917.046
44.743746652,-93.378235626,279.407,916.689
44.743746652,-93.378177047,279.301,916.341
44.743746652,-93.378118467,279.193,915.988
44.743746652,-93.378059888,279.089,915.647
44.743746652,-93.378001308,278.983,915.300
44.743746652,-93.377942728,278.858,914.889
44.743746652,-93.377884149,278.780,914.632
44.743746652,-93.377825569,278.738,914.496
44.743746652,-93.377766990,278.791,914.667
44.743746652,-93.377708410,278.855,914.879
44.743746652,-93.377649831,278.934,915.139
44.743746652,-93.377591251,279.006,915.375
44.743746652,-93.377532672,279.067,915.575
44.743746652,-93.377474092,279.099,915.679
44.743746652,-93.377415513,279.150,915.846
44.743746652,-93.377356933,279.206,916.031
44.743746652,-93.377298354,279.199,916.006
44.743746652,-93.377239774,279.191,915.980
44.743746652,-93.377181195,279.182,915.952
44.743746652,-93.377122615,279.174,915.925
44.743746652,-93.377064036,279.166,915.898
44.743746652,-93.377005456,279.158,915.871
44.743746652,-93.376946877,279.150,915.847
44.743746652,-93.376888297,279.143,915.823
44.743746652,-93.376829718,279.135,915.798
44.743746652,-93.376771138,279.128,915.773
44.743746652,-93.376712559,279.120,915.747
44.743746652,-93.376653979,279.111,915.719
44.743746652,-93.376595400,279.103,915.692
44.743746652,-93.376536820,279.095,915.664
44.743746652,-93.376478240,279.086,915.637
44.743746652,-93.376419661,279.078,915.610
44.743787712,-93.378411365,279.758,917.842
44.743787712,-93.378352785,279.630,917.420
44.743787712,-93.378294206,279.504,917.008
44.743787712,-93.378235626,279.394,916.646
44.743787712,-93.378177047,279.285,916.290
44.743787712,-93.378118467,279.176,915.933
44.743787712,-93.378059888,279.066,915.572
44.743787712,-93.378001308,278.955,915.206
44.743787712,-93.377942728,278.835,914.812
44.743787712,-93.377884149,278.757,914.558
44.743787712,-93.377825569,278.715,914.418
44.743787712,-93.377766990,278.777,914.623
44.743787712,-93.377708410,278.850,914.862
44.743787712,-93.377649831,278.935,915.140
44.743787712,-93.377591251,279.007,915.377
44.743787712,-93.377532672,279.071,915.587
44.743787712,-93.377474092,279.116,915.736
44.743787712,-93.377415513,279.177,915.935
44.743787712,-93.377356933,279.240,916.141
44.743787712,-93.377298354,279.228,916.103
44.743787712,-93.377239774,279.216,916.064
44.743787712,-93.377181195,279.204,916.023
44.743787712,-93.377122615,279.192,915.985
44.743787712,-93.377064036,279.181,915.948
44.743787712,-93.377005456,279.170,915.912
44.743787712,-93.376946877,279.158,915.874
44.743787712,-93.376888297,279.147,915.837
44.743787712,-93.376829718,279.137,915.804
44.743787712,-93.376771138,279.127,915.770
44.743787712,-93.376712559,279.116,915.736
44.743787712,-93.376653979,279.106,915.703
44.743787712,-93.376595400,279.097,915.674
44.743787712,-93.376536820,279.089,915.647
44.743787712,-93.376478240,279.082,915.625
44.743787712,-93.376419661,279.076,915.603
44.743828772,-93.378411365,279.738,917.775
44.743828772,-93.378352785,279.616,917.375
44.743828772,-93.378294206,279.497,916.985
44.743828772,-93.378235626,279.384,916.615
44.743828772,-93.378177047,279.273,916.249
44.743828772,-93.378118467,279.162,915.885
44.743828772,-93.378059888,279.045,915.504
44.743828772,-93.378001308,278.927,915.116
44.743828772,-93.377942728,278.813,914.740
44.743828772,-93.377884149,278.737,914.491
44.743828772,-93.377825569,278.692,914.345
44.743828772,-93.377766990,278.766,914.585
44.743828772,-93.377708410,278.847,914.853
44.743828772,-93.377649831,278.938,915.150
44.743828772,-93.377591251,279.010,915.386
44.743828772,-93.377532672,279.076,915.602
44.743828772,-93.377474092,279.136,915.800
44.743828772,-93.377415513,279.206,916.031
44.743828772,-93.377356933,279.275,916.258
44.743828772,-93.377298354,279.260,916.207
44.743828772,-93.377239774,279.244,916.153
44.743828772,-93.377181195,279.227,916.099
44.743828772,-93.377122615,279.212,916.050
44.743828772,-93.377064036,279.197,916.002
44.743828772,-93.377005456,279.183,915.954
44.743828772,-93.376946877,279.167,915.904
44.743828772,-93.376888297,279.152,915.853
44.743828772,-93.376829718,279.139,915.811
44.743828772,-93.376771138,279.126,915.767
44.743828772,-93.376712559,279.113,915.724
44.743828772,-93.376653979,279.101,915.687
44.743828772,-93.376595400,279.091,915.654
44.743828772,-93.376536820,279.084,915.629
44.743828772,-93.376478240,279.078,915.611
44.743828772,-93.376419661,279.073,915.594
44.743869832,-93.378411365,279.765,917.863
44.743869832,-93.378352785,279.646,917.473
44.743869832,-93.378294206,279.534,917.108
44.743869832,-93.378235626,279.428,916.759
44.743869832,-93.378177047,279.319,916.402
44.743869832,-93.378118467,279.202,916.017
44.743869832,-93.378059888,279.074,915.598
44.743869832,-93.378001308,278.946,915.176
44.743869832,-93.377942728,278.837,914.818
44.743869832,-93.377884149,278.763,914.577
44.743869832,-93.377825569,278.718,914.430
44.743869832,-93.377766990,278.783,914.641
44.743869832,-93.377708410,278.856,914.882
44.743869832,-93.377649831,278.939,915.156
44.743869832,-93.377591251,279.011,915.391
44.743869832,-93.377532672,279.079,915.612
44.743869832,-93.377474092,279.142,915.819
44.743869832,-93.377415513,279.206,916.031
44.743869832,-93.377356933,279.266,916.228
44.743869832,-93.377298354,279.254,916.186
44.743869832,-93.377239774,279.241,916.144
44.743869832,-93.377181195,279.227,916.100
44.743869832,-93.377122615,279.216,916.061
44.743869832,-93.377064036,279.204,916.023
44.743869832,-93.377005456,279.192,915.984
44.743869832,-93.376946877,279.179,915.941
44.743869832,-93.376888297,279.165,915.897
44.743869832,-93.376829718,279.154,915.860
44.743869832,-93.376771138,279.142,915.820
44.743869832,-93.376712559,279.130,915.779
44.743869832,-93.376653979,279.119,915.743
44.743869832,-93.376595400,279.109,915.711
44.743869832,-93.376536820,279.100,915.682
44.743869832,-93.376478240,279.093,915.660
44.743869832,-93.376419661,279.087,915.639
44.743910892,-93.378411365,279.815,918.029
44.743910892,-93.378352785,279.698,917.644
44.743910892,-93.378294206,279.595,917.305
44.743910892,-93.378235626,279.499,916.993
44.743910892,-93.378177047,279.396,916.653
44.743910892,-93.378118467,279.270,916.239
44.743910892,-93.378059888,279.129,915.776
44.743910892,-93.378001308,278.987,915.313
44.743910892,-93.377942728,278.884,914.973
44.743910892,-93.377884149,278.813,914.741
44.743910892,-93.377825569,278.768,914.595
44.743910892,-93.377766990,278.814,914.744
44.743910892,-93.377708410,278.871,914.930
44.743910892,-93.377649831,278.941,915.160
44.743910892,-93.377591251,279.012,915.394
44.743910892,-93.377532672,279.081,915.620
44.743910892,-93.377474092,279.141,915.816
44.743910892,-93.377415513,279.192,915.983
44.743910892,-93.377356933,279.234,916.123
44.743910892,-93.377298354,279.228,916.104
44.743910892,-93.377239774,279.222,916.084
44.743910892,-93.377181195,279.216,916.064
44.743910892,-93.377122615,279.211,916.046
44.743910892,-93.377064036,279.205,916.028
44.743910892,-93.377005456,279.199,916.007
44.743910892,-93.376946877,279.191,915.982
44.743910892,-93.376888297,279.183,915.956
44.743910892,-93.376829718,279.176,915.930
44.743910892,-93.376771138,279.167,915.901
44.743910892,-93.376712559,279.157,915.869
44.743910892,-93.376653979,279.147,915.838
44.743910892,-93.376595400,279.137,915.805
44.743910892,-93.376536820,279.127,915.772
44.743910892,-93.376478240,279.118,915.740
44.743910892,-93.376419661,279.109,915.711
44.743951951,-93.378411365,279.850,918.142
44.743951951,-93.378352785,279.732,917.756
44.743951951,-93.378294206,279.630,917.421
44.743951951,-93.378235626,279.543,917.134
44.743951951,-93.378177047,279.443,916.808
44.743951951,-93.378118467,279.310,916.373
44.743951951,-93.378059888,279.162,915.885
44.743951951,-93.378001308,279.014,915.401
44.743951951,-93.377942728,278.915,915.077
44.743951951,-93.377884149,278.845,914.847
44.743951951,-93.377825569,278.798,914.693
44.743951951,-93.377766990,278.835,914.814
44.743951951,-93.377708410,278.883,914.970
44.743951951,-93.377649831,278.943,915.166
44.743951951,-93.377591251,279.014,915.402
44.743951951,-93.377532672,279.084,915.630
44.743951951,-93.377474092,279.138,915.807
44.743951951,-93.377415513,279.174,915.926
44.743951951,-93.377356933,279.199,916.008
44.743951951,-93.377298354,279.197,916.002
44.743951951,-93.377239774,279.195,915.996
44.743951951,-93.377181195,279.194,915.989
44.743951951,-93.377122615,279.192,915.984
44.743951951,-93.377064036,279.190,915.978
44.743951951,-93.377005456,279.187,915.969
44.743951951,-93.376946877,279.183,915.956
44.743951951,-93.376888297,279.179,915.940
44.743951951,-93.376829718,279.174,915.924
44.743951951,-93.376771138,279.168,915.904
44.743951951,-93.376712559,279.161,915.882
44.743951951,-93.376653979,279.153,915.857
44.743951951,-93.376595400,279.145,915.829
44.743951951,-93.376536820,279.135,915.797
44.743951951,-93.376478240,279.125,915.765
44.743951951,-93.376419661,279.116,915.735
44.743993011,-93.378411365,279.860,918.177
44.743993011,-93.378352785,279.741,917.785
44.743993011,-93.378294206,279.630,917.421
44.743993011,-93.378235626,279.545,917.142
44.743993011,-93.378177047,279.448,916.823
44.743993011,-93.378118467,279.312,916.378
44.743993011,-93.378059888,279.164,915.894
44.743993011,-93.378001308,279.020,915.420
44.743993011,-93.377942728,278.924,915.106
44.743993011,-93.377884149,278.852,914.869
44.743993011,-93.377825569,278.799,914.695
44.743993011,-93.377766990,278.842,914.837
44.743993011,-93.377708410,278.891,914.998
44.743993011,-93.377649831,278.946,915.177
44.743993011,-93.377591251,279.018,915.415
44.743993011,-93.377532672,279.088,915.643
44.743993011,-93.377474092,279.133,915.792
44.743993011,-93.377415513,279.154,915.858
44.743993011,-93.377356933,279.160,915.878
44.743993011,-93.377298354,279.158,915.872
44.743993011,-93.377239774,279.156,915.865
44.743993011,-93.377181195,279.154,915.858
44.743993011,-93.377122615,279.152,915.854
44.743993011,-93.377064036,279.151,915.850
44.743993011,-93.377005456,279.149,915.843
44.743993011,-93.376946877,279.145,915.831
44.743993011,-93.376888297,279.141,915.818
44.743993011,-93.376829718,279.138,915.806
44.743993011,-93.376771138,279.134,915.794
44.743993011,-93.376712559,279.131,915.783
44.743993011,-93.376653979,279.126,915.767
44.743993011,-93.376595400,279.120,915.750
44.743993011,-93.376536820,279.114,915.729
44.743993011,-93.376478240,279.108,915.708
44.743993011,-93.376419661,279.102,915.689
44.744034071,-93.378411365,279.863,918.187
44.744034071,-93.378352785,279.743,917.791
44.744034071,-93.378294206,279.620,917.390
44.744034071,-93.378235626,279.535,917.110
44.744034071,-93.378177047,279.439,916.793
44.744034071,-93.378118467,279.303,916.348
44.744034071,-93.378059888,279.158,915.874
44.744034071,-93.378001308,279.018,915.412
44.744034071,-93.377942728,278.924,915.104
44.744034071,-93.377884149,278.850,914.862
44.744034071,-93.377825569,278.792,914.672
44.744034071,-93.377766990,278.843,914.839
44.744034071,-93.377708410,278.896,915.012
44.744034071,-93.377649831,278.947,915.180
44.744034071,-93.377591251,279.021,915.424
44.744034071,-93.377532672,279.092,915.656
44.744034071,-93.377474092,279.132,915.787
44.744034071,-93.377415513,279.143,915.824
44.744034071,-93.377356933,279.139,915.810
44.744034071,-93.377298354,279.137,915.802
44.744034071,-93.377239774,279.134,915.794
44.744034071,-93.377181195,279.131,915.784
44.744034071,-93.377122615,279.129,915.779
44.744034071,-93.377064036,279.128,915.773
44.744034071,-93.377005456,279.126,915.766
44.744034071,-93.376946877,279.122,915.755
44.744034071,-93.376888297,279.118,915.742
44.744034071,-93.376829718,279.115,915.731
44.744034071,-93.376771138,279.112,915.723
44.744034071,-93.376712559,279.111,915.719
44.744034071,-93.376653979,279.108,915.708
44.744034071,-93.376595400,279.104,915.696
44.744034071,-93.376536820,279.100,915.683
44.744034071,-93.376478240,279.096,915.670
44.744034071,-93.376419661,279.093,915.659
44.744075131,-93.378411365,279.826,918.066
44.744075131,-93.378352785,279.706,917.669
44.744075131,-93.378294206,279.560,917.193
44.744075131,-93.378235626,279.458,916.858
44.744075131,-93.378177047,279.355,916.519
44.744075131,-93.378118467,279.236,916.129
44.744075131,-93.378059888,279.104,915.694
44.744075131,-93.378001308,278.971,915.260
44.744075131,-93.377942728,278.872,914.934
44.744075131,-93.377884149,278.797,914.688
44.744075131,-93.377825569,278.742,914.508
44.744075131,-93.377766990,278.810,914.731
44.744075131,-93.377708410,278.876,914.947
44.744075131,-93.377649831,278.934,915.137
44.744075131,-93.377591251,279.017,915.412
44.744075131,-93.377532672,279.098,915.676
44.744075131,-93.377474092,279.150,915.845
44.744075131,-93.377415513,279.190,915.977
44.744075131,-93.377356933,279.221,916.080
44.744075131,-93.377298354,279.216,916.063
44.744075131,-93.377239774,279.211,916.045
44.744075131,-93.377181195,279.205,916.027
44.744075131,-93.377122615,279.199,916.006
44.744075131,-93.377064036,279.192,915.986
44.744075131,-93.377005456,279.187,915.967
44.744075131,-93.376946877,279.180,915.944
44.744075131,-93.376888297,279.172,915.918
44.744075131,-93.376829718,279.164,915.893
44.744075131,-93.376771138,279.156,915.867
44.744075131,-93.376712559,279.148,915.841
44.744075131,-93.376653979,279.140,915.813
44.744075131,-93.376595400,279.132,915.786
44.744075131,-93.376536820,279.124,915.760
44.744075131,-93.376478240,279.116,915.735
44.744075131,-93.376419661,279.108,915.709
44.744116191,-93.378411365,279.789,917.944
44.744116191,-93.378352785,279.668,917.547
44.744116191,-93.378294206,279.501,916.997
44.744116191,-93.378235626,279.381,916.605
44.744116191,-93.378177047,279.272,916.245
44.744116191,-93.378118467,279.169,915.909
44.744116191,-93.378059888,279.049,915.515
44.744116191,-93.378001308,278.925,915.107
44.744116191,-93.377942728,278.820,914.763
44.744116191,-93.377884149,278.744,914.515
44.744116191,-93.377825569,278.692,914.344
44.744116191,-93.377766990,278.777,914.622
44.744116191,-93.377708410,278.856,914.882
44.744116191,-93.377649831,278.921,915.095
44.744116191,-93.377591251,279.014,915.399
44.744116191,-93.377532672,279.104,915.696
44.744116191,-93.377474092,279.167,915.904
44.744116191,-93.377415513,279.237,916.131
44.744116191,-93.377356933,279.303,916.349
44.744116191,-93.377298354,279.295,916.323
44.744116191,-93.377239774,279.287,916.296
44.744116191,-93.377181195,279.279,916.269
44.744116191,-93.377122615,279.268,916.233
44.744116191,-93.377064036,279.257,916.198
44.744116191,-93.377005456,279.248,916.168
44.744116191,-93.376946877,279.237,916.132
44.744116191,-93.376888297,279.226,916.095
44.744116191,-93.376829718,279.214,916.055
44.744116191,-93.376771138,279.200,916.010
44.744116191,-93.376712559,279.185,915.963
44.744116191,-93.376653979,279.172,915.918
44.744116191,-93.376595400,279.159,915.876
44.744116191,-93.376536820,279.147,915.837
44.744116191,-93.376478240,279.135,915.799
44.744116191,-93.376419661,279.124,915.760
44.744157251,-93.378411365,279.775,917.898
44.744157251,-93.378352785,279.649,917.483
44.744157251,-93.378294206,279.486,916.948
44.744157251,-93.378235626,279.366,916.555
44.744157251,-93.378177047,279.255,916.190
44.744157251,-93.378118467,279.150,915.847
44.744157251,-93.378059888,279.032,915.459
44.744157251,-93.378001308,278.911,915.062
44.744157251,-93.377942728,278.808,914.726
44.744157251,-93.377884149,278.738,914.494
44.744157251,-93.377825569,278.692,914.345
44.744157251,-93.377766990,278.778,914.627
44.744157251,-93.377708410,278.859,914.892
44.744157251,-93.377649831,278.926,915.112
44.744157251,-93.377591251,279.011,915.390
44.744157251,-93.377532672,279.094,915.662
44.744157251,-93.377474092,279.157,915.871
44.744157251,-93.377415513,279.227,916.098
44.744157251,-93.377356933,279.293,916.315
44.744157251,-93.377298354,279.281,916.277
44.744157251,-93.377239774,279.269,916.237
44.744157251,-93.377181195,279.256,916.195
44.744157251,-93.377122615,279.242,916.150
44.744157251,-93.377064036,279.229,916.106
44.744157251,-93.377005456,279.218,916.069
44.744157251,-93.376946877,279.206,916.031
44.744157251,-93.376888297,279.195,915.994
44.744157251,-93.376829718,279.186,915.963
44.744157251,-93.376771138,279.175,915.929
44.744157251,-93.376712559,279.164,915.892
44.744157251,-93.376653979,279.152,915.853
44.744157251,-93.376595400,279.141,915.818
44.744157251,-93.376536820,279.133,915.789
44.744157251,-93.376478240,279.122,915.754
44.744157251,-93.376419661,279.111,915.719
44.744198311,-93.378411365,279.764,917.861
44.744198311,-93.378352785,279.631,917.425
44.744198311,-93.378294206,279.476,916.917
44.744198311,-93.378235626,279.358,916.528
44.744198311,-93.378177047,279.245,916.160
44.744198311,-93.378118467,279.137,915.803
44.744198311,-93.378059888,279.019,915.417
44.744198311,-93.378001308,278.901,915.028
44.744198311,-93.377942728,278.802,914.704
44.744198311,-93.377884149,278.736,914.490
44.744198311,-93.377825569,278.698,914.364
44.744198311,-93.377766990,278.784,914.645
44.744198311,-93.377708410,278.865,914.911
44.744198311,-93.377649831,278.933,915.136
44.744198311,-93.377591251,279.008,915.381
44.744198311,-93.377532672,279.081,915.621
44.744198311,-93.377474092,279.144,915.828
44.744198311,-93.377415513,279.210,916.044
44.744198311,-93.377356933,279.272,916.247
44.744198311,-93.377298354,279.256,916.195
44.744198311,-93.377239774,279.240,916.142
44.744198311,-93.377181195,279.223,916.087
44.744198311,-93.377122615,279.206,916.031
44.744198311,-93.377064036,279.191,915.980
44.744198311,-93.377005456,279.177,915.937
44.744198311,-93.376946877,279.165,915.897
44.744198311,-93.376888297,279.155,915.862
44.744198311,-93.376829718,279.149,915.843
44.744198311,-93.376771138,279.142,915.822
44.744198311,-93.376712559,279.136,915.800
44.744198311,-93.376653979,279.126,915.768
44.744198311,-93.376595400,279.119,915.744
44.744198311,-93.376536820,279.114,915.727
44.744198311,-93.376478240,279.104,915.697
44.744198311,-93.376419661,279.096,915.668
44.744239371,-93.378411365,279.772,917.886
44.744239371,-93.378352785,279.637,917.443
44.744239371,-93.378294206,279.492,916.967
44.744239371,-93.378235626,279.372,916.576
44.744239371,-93.378177047,279.259,916.204
44.744239371,-93.378118467,279.151,915.850
44.744239371,-93.378059888,279.037,915.475
44.744239371,-93.378001308,278.923,915.102
44.744239371,-93.377942728,278.829,914.794
44.744239371,-93.377884149,278.767,914.588
44.744239371,-93.377825569,278.729,914.464
44.744239371,-93.377766990,278.811,914.735
44.744239371,-93.377708410,278.891,914.996
44.744239371,-93.377649831,278.960,915.224
44.744239371,-93.377591251,279.021,915.423
44.744239371,-93.377532672,279.078,915.612
44.744239371,-93.377474092,279.132,915.788
44.744239371,-93.377415513,279.193,915.987
44.744239371,-93.377356933,279.252,916.180
44.744239371,-93.377298354,279.237,916.133
44.744239371,-93.377239774,279.222,916.084
44.744239371,-93.377181195,279.207,916.033
44.744239371,-93.377122615,279.192,915.984
44.744239371,-93.377064036,279.178,915.938
44.744239371,-93.377005456,279.166,915.899
44.744239371,-93.376946877,279.155,915.863
44.744239371,-93.376888297,279.145,915.831
44.744239371,-93.376829718,279.140,915.813
44.744239371,-93.376771138,279.134,915.794
44.744239371,-93.376712559,279.128,915.775
44.744239371,-93.376653979,279.120,915.747
44.744239371,-93.376595400,279.113,915.725
44.744239371,-93.376536820,279.108,915.709
44.744239371,-93.376478240,279.100,915.681
44.744239371,-93.376419661,279.092,915.655
44.744280431,-93.378411365,279.790,917.946
44.744280431,-93.378352785,279.655,917.504
44.744280431,-93.378294206,279.521,917.063
44.744280431,-93.378235626,279.400,916.666
44.744280431,-93.378177047,279.285,916.290
44.744280431,-93.378118467,279.180,915.946
44.744280431,-93.378059888,279.071,915.589
44.744280431,-93.378001308,278.964,915.236
44.744280431,-93.377942728,278.876,914.947
44.744280431,-93.377884149,278.814,914.744
44.744280431,-93.377825569,278.773,914.609
44.744280431,-93.377766990,278.851,914.866
44.744280431,-93.377708410,278.928,915.118
44.744280431,-93.377649831,278.998,915.348
44.744280431,-93.377591251,279.042,915.493
44.744280431,-93.377532672,279.081,915.619
44.744280431,-93.377474092,279.120,915.749
44.744280431,-93.377415513,279.175,915.927
44.744280431,-93.377356933,279.232,916.115
44.744280431,-93.377298354,279.221,916.081
44.744280431,-93.377239774,279.211,916.046
44.744280431,-93.377181195,279.200,916.011
44.744280431,-93.377122615,279.190,915.977
44.744280431,-93.377064036,279.180,915.944
44.744280431,-93.377005456,279.170,915.913
44.744280431,-93.376946877,279.161,915.884
44.744280431,-93.376888297,279.153,915.856
44.744280431,-93.376829718,279.146,915.833
44.744280431,-93.376771138,279.139,915.810
44.744280431,-93.376712559,279.132,915.787
44.744280431,-93.376653979,279.124,915.761
44.744280431,-93.376595400,279.117,915.737
44.744280431,-93.376536820,279.110,915.715
44.744280431,-93.376478240,279.102,915.689
44.744280431,-93.376419661,279.094,915.662
44.744321491,-93.378411365,279.797,917.969
44.744321491,-93.378352785,279.664,917.533
44.744321491,-93.378294206,279.537,917.116
44.744321491,-93.378235626,279.414,916.714
44.744321491,-93.378177047,279.298,916.332
44.744321491,-93.378118467,279.196,915.996
44.744321491,-93.378059888,279.092,915.655
44.744321491,-93.378001308,278.990,915.322
44.744321491,-93.377942728,278.908,915.053
44.744321491,-93.377884149,278.849,914.860
44.744321491,-93.377825569,278.809,914.727
44.744321491,-93.377766990,278.881,914.964
44.744321491,-93.377708410,278.953,915.201
44.744321491,-93.377649831,279.021,915.424
44.744321491,-93.377591251,279.054,915.533
44.744321491,-93.377532672,279.081,915.620
44.744321491,-93.377474092,279.113,915.726
44.744321491,-93.377415513,279.166,915.899
44.744321491,-93.377356933,279.224,916.090
44.744321491,-93.377298354,279.217,916.066
44.744321491,-93.377239774,279.209,916.042
44.744321491,-93.377181195,279.202,916.016
44.744321491,-93.377122615,279.194,915.991
44.744321491,-93.377064036,279.186,915.965
44.744321491,-93.377005456,279.178,915.940
44.744321491,-93.376946877,279.171,915.914
44.744321491,-93.376888297,279.163,915.889
44.744321491,-93.376829718,279.155,915.864
44.744321491,-93.376771138,279.148,915.839
44.744321491,-93.376712559,279.140,915.814
44.744321491,-93.376653979,279.132,915.788
44.744321491,-93.376595400,279.124,915.762
44.744321491,-93.376536820,279.116,915.736
44.744321491,-93.376478240,279.108,915.709
44.744321491,-93.376419661,279.100,915.683
44.744362550,-93.378411365,279.786,917.934
44.744362550,-93.378352785,279.657,917.511
44.744362550,-93.378294206,279.533,917.101
44.744362550,-93.378235626,279.408,916.694
44.744362550,-93.378177047,279.291,916.308
44.744362550,-93.378118467,279.189,915.974
44.744362550,-93.378059888,279.089,915.648
44.744362550,-93.378001308,278.994,915.334
44.744362550,-93.377942728,278.918,915.085
44.744362550,-93.377884149,278.865,914.912
44.744362550,-93.377825569,278.832,914.802
44.744362550,-93.377766990,278.895,915.009
44.744362550,-93.377708410,278.959,915.220
44.744362550,-93.377649831,279.022,915.426
44.744362550,-93.377591251,279.052,915.526
44.744362550,-93.377532672,279.078,915.611
44.744362550,-93.377474092,279.114,915.728
44.744362550,-93.377415513,279.172,915.918
44.744362550,-93.377356933,279.237,916.131
44.744362550,-93.377298354,279.231,916.111
44.744362550,-93.377239774,279.224,916.088
44.744362550,-93.377181195,279.216,916.063
44.744362550,-93.377122615,279.208,916.038
44.744362550,-93.377064036,279.200,916.012
44.744362550,-93.377005456,279.193,915.986
44.744362550,-93.376946877,279.185,915.961
44.744362550,-93.376888297,279.177,915.936
44.744362550,-93.376829718,279.170,915.912
44.744362550,-93.376771138,279.163,915.888
44.744362550,-93.376712559,279.155,915.863
44.744362550,-93.376653979,279.147,915.835
44.744362550,-93.376595400,279.138,915.808
44.744362550,-93.376536820,279.130,915.780
44.744362550,-93.376478240,279.121,915.752
44.744362550,-93.376419661,279.112,915.723
44.744403610,-93.378411365,279.774,917.894
44.744403610,-93.378352785,279.649,917.485
44.744403610,-93.378294206,279.525,917.075
44.744403610,-93.378235626,279.400,916.666
44.744403610,-93.378177047,279.282,916.278
44.744403610,-93.378118467,279.180,915.945
44.744403610,-93.378059888,279.084,915.629
44.744403610,-93.378001308,278.993,915.330
44.744403610,-93.377942728,278.921,915.095
44.744403610,-93.377884149,278.874,914.940
44.744403610,-93.377825569,278.846,914.848
44.744403610,-93.377766990,278.900,915.027
44.744403610,-93.377708410,278.958,915.217
44.744403610,-93.377649831,279.018,915.414
44.744403610,-93.377591251,279.047,915.509
44.744403610,-93.377532672,279.073,915.595
44.744403610,-93.377474092,279.113,915.725
44.744403610,-93.377415513,279.177,915.934
44.744403610,-93.377356933,279.248,916.167
44.744403610,-93.377298354,279.243,916.152
44.744403610,-93.377239774,279.237,916.132
44.744403610,-93.377181195,279.229,916.106
44.744403610,-93.377122615,279.221,916.081
44.744403610,-93.377064036,279.213,916.055
44.744403610,-93.377005456,279.205,916.028
44.744403610,-93.376946877,279.198,916.003
44.744403610,-93.376888297,279.190,915.979
44.744403610,-93.376829718,279.183,915.955
44.744403610,-93.376771138,279.176,915.931
44.744403610,-93.376712559,279.168,915.906
44.744403610,-93.376653979,279.159,915.877
44.744403610,-93.376595400,279.150,915.847
44.744403610,-93.376536820,279.141,915.818
44.744403610,-93.376478240,279.132,915.788
44.744403610,-93.376419661,279.123,915.758
44.744444670,-93.378411365,279.752,917.820
44.744444670,-93.378352785,279.633,917.430
44.744444670,-93.378294206,279.494,916.976
44.744444670,-93.378235626,279.375,916.586
44.744444670,-93.378177047,279.262,916.215
44.744444670,-93.378118467,279.157,915.871
44.744444670,-93.378059888,279.056,915.538
44.744444670,-93.378001308,278.959,915.220
44.744444670,-93.377942728,278.884,914.974
44.744444670,-93.377884149,278.833,914.807
44.744444670,-93.377825569,278.802,914.705
44.744444670,-93.377766990,278.852,914.868
44.744444670,-93.377708410,278.913,915.068
44.744444670,-93.377649831,278.987,915.312
44.744444670,-93.377591251,279.022,915.428
44.744444670,-93.377532672,279.054,915.531
44.744444670,-93.377474092,279.102,915.689
44.744444670,-93.377415513,279.173,915.921
44.744444670,-93.377356933,279.250,916.174
44.744444670,-93.377298354,279.248,916.167
44.744444670,-93.377239774,279.243,916.151
44.744444670,-93.377181195,279.235,916.126
44.744444670,-93.377122615,279.227,916.098
44.744444670,-93.377064036,279.218,916.071
44.744444670,-93.377005456,279.210,916.043
44.744444670,-93.376946877,279.202,916.016
44.744444670,-93.376888297,279.194,915.989
44.744444670,-93.376829718,279.186,915.963
44.744444670,-93.376771138,279.177,915.936
44.744444670,-93.376712559,279.169,915.909
44.744444670,-93.376653979,279.160,915.880
44.744444670,-93.376595400,279.151,915.851
44.744444670,-93.376536820,279.142,915.821
44.744444670,-93.376478240,279.132,915.788
44.744444670,-93.376419661,279.122,915.755
44.744485730,-93.378411365,279.729,917.747
44.744485730,-93.378352785,279.616,917.375
44.744485730,-93.378294206,279.464,916.876
44.744485730,-93.378235626,279.351,916.506
44.744485730,-93.378177047,279.243,916.152
44.744485730,-93.378118467,279.135,915.797
44.744485730,-93.378059888,279.028,915.446
44.744485730,-93.378001308,278.926,915.110
44.744485730,-93.377942728,278.847,914.852
44.744485730,-93.377884149,278.793,914.675
44.744485730,-93.377825569,278.758,914.562
44.744485730,-93.377766990,278.804,914.710
44.744485730,-93.377708410,278.867,914.919
44.744485730,-93.377649831,278.956,915.210
44.744485730,-93.377591251,278.997,915.346
44.744485730,-93.377532672,279.034,915.466
44.744485730,-93.377474092,279.091,915.653
44.744485730,-93.377415513,279.169,915.909
44.744485730,-93.377356933,279.252,916.181
44.744485730,-93.377298354,279.252,916.182
44.744485730,-93.377239774,279.249,916.170
44.744485730,-93.377181195,279.241,916.145
44.744485730,-93.377122615,279.232,916.116
44.744485730,-93.377064036,279.223,916.087
44.744485730,-93.377005456,279.214,916.058
44.744485730,-93.376946877,279.206,916.029
44.744485730,-93.376888297,279.197,916.000
44.744485730,-93.376829718,279.188,915.971
44.744485730,-93.376771138,279.179,915.942
44.744485730,-93.376712559,279.170,915.913
44.744485730,-93.376653979,279.161,915.883
44.744485730,-93.376595400,279.152,915.854
44.744485730,-93.376536820,279.143,915.825
44.744485730,-93.376478240,279.132,915.788
44.744485730,-93.376419661,279.121,915.752
44.744526790,-93.378411365,279.728,917.743
44.744526790,-93.378352785,279.615,917.372
44.744526790,-93.378294206,279.474,916.909
44.744526790,-93.378235626,279.359,916.533
44.744526790,-93.378177047,279.247,916.166
44.744526790,-93.378118467,279.134,915.793
44.744526790,-93.378059888,279.026,915.441
44.744526790,-93.378001308,278.924,915.104
44.744526790,-93.377942728,278.834,914.809
44.744526790,-93.377884149,278.769,914.598
44.744526790,-93.377825569,278.725,914.453
44.744526790,-93.377766990,278.772,914.606
44.744526790,-93.377708410,278.843,914.839
44.744526790,-93.377649831,278.948,915.184
44.744526790,-93.377591251,278.982,915.295
44.744526790,-93.377532672,279.012,915.394
44.744526790,-93.377474092,279.085,915.633
44.744526790,-93.377415513,279.170,915.914
44.744526790,-93.377356933,279.256,916.195
44.744526790,-93.377298354,279.254,916.187
44.744526790,-93.377239774,279.247,916.165
44.744526790,-93.377181195,279.236,916.128
44.744526790,-93.377122615,279.230,916.110
44.744526790,-93.377064036,279.224,916.090
44.744526790,-93.377005456,279.216,916.062
44.744526790,-93.376946877,279.207,916.033
44.744526790,-93.376888297,279.198,916.004
44.744526790,-93.376829718,279.189,915.974
44.744526790,-93.376771138,279.180,915.945
44.744526790,-93.376712559,279.171,915.916
44.744526790,-93.376653979,279.162,915.886
44.744526790,-93.376595400,279.155,915.863
44.744526790,-93.376536820,279.150,915.847
44.744526790,-93.376478240,279.135,915.798
44.744526790,-93.376419661,279.121,915.752
44.744567850,-93.378411365,279.730,917.750
44.744567850,-93.378352785,279.616,917.376
44.744567850,-93.378294206,279.489,916.960
44.744567850,-93.378235626,279.372,916.574
44.744567850,-93.378177047,279.255,916.190
44.744567850,-93.378118467,279.135,915.799
44.744567850,-93.378059888,279.028,915.448
44.744567850,-93.378001308,278.926,915.112
44.744567850,-93.377942728,278.824,914.777
44.744567850,-93.377884149,278.748,914.529
44.744567850,-93.377825569,278.694,914.349
44.744567850,-93.377766990,278.743,914.510
44.744567850,-93.377708410,278.822,914.769
44.744567850,-93.377649831,278.943,915.168
44.744567850,-93.377591251,278.967,915.248
44.744567850,-93.377532672,278.990,915.321
44.744567850,-93.377474092,279.079,915.615
44.744567850,-93.377415513,279.173,915.921
44.744567850,-93.377356933,279.261,916.210
44.744567850,-93.377298354,279.255,916.190
44.744567850,-93.377239774,279.244,916.156
44.744567850,-93.377181195,279.229,916.105
44.744567850,-93.377122615,279.227,916.101
44.744567850,-93.377064036,279.225,916.092
44.744567850,-93.377005456,279.217,916.065
44.744567850,-93.376946877,279.208,916.036
44.744567850,-93.376888297,279.199,916.007
44.744567850,-93.376829718,279.190,915.978
44.744567850,-93.376771138,279.181,915.948
44.744567850,-93.376712559,279.172,915.919
44.744567850,-93.376653979,279.163,915.889
44.744567850,-93.376595400,279.158,915.872
44.744567850,-93.376536820,279.158,915.873
44.744567850,-93.376478240,279.139,915.809
44.744567850,-93.376419661,279.121,915.752
44.744608910,-93.378411365,279.767,917.872
44.744608910,-93.378352785,279.654,917.499
44.744608910,-93.378294206,279.535,917.109
44.744608910,-93.378235626,279.416,916.720
44.744608910,-93.378177047,279.298,916.334
44.744608910,-93.378118467,279.183,915.954
44.744608910,-93.378059888,279.077,915.607
44.744608910,-93.378001308,278.975,915.273
44.744608910,-93.377942728,278.873,914.939
44.744608910,-93.377884149,278.795,914.680
44.744608910,-93.377825569,278.734,914.482
44.744608910,-93.377766990,278.773,914.609
44.744608910,-93.377708410,278.843,914.841
44.744608910,-93.377649831,278.959,915.220
44.744608910,-93.377591251,278.967,915.245
44.744608910,-93.377532672,278.976,915.276
44.744608910,-93.377474092,279.074,915.597
44.744608910,-93.377415513,279.166,915.898
44.744608910,-93.377356933,279.248,916.167
44.744608910,-93.377298354,279.248,916.167
44.744608910,-93.377239774,279.244,916.153
44.744608910,-93.377181195,279.235,916.125
44.744608910,-93.377122615,279.232,916.114
44.744608910,-93.377064036,279.225,916.092
44.744608910,-93.377005456,279.210,916.043
44.744608910,-93.376946877,279.204,916.022
44.744608910,-93.376888297,279.199,916.008
44.744608910,-93.376829718,279.191,915.980
44.744608910,-93.376771138,279.182,915.952
44.744608910,-93.376712559,279.174,915.925
44.744608910,-93.376653979,279.170,915.912
44.744608910,-93.376595400,279.165,915.895
44.744608910,-93.376536820,279.158,915.873
44.744608910,-93.376478240,279.141,915.816
44.744608910,-93.376419661,279.126,915.769
44.744649970,-93.378411365,279.826,918.064
44.744649970,-93.378352785,279.713,917.693
44.744649970,-93.378294206,279.598,917.317
44.744649970,-93.378235626,279.480,916.929
44.744649970,-93.378177047,279.365,916.550
44.744649970,-93.378118467,279.257,916.199
44.744649970,-93.378059888,279.154,915.858
44.744649970,-93.378001308,279.052,915.525
44.744649970,-93.377942728,278.958,915.217
44.744649970,-93.377884149,278.881,914.965
44.744649970,-93.377825569,278.818,914.758
44.744649970,-93.377766990,278.839,914.827
44.744649970,-93.377708410,278.891,914.998
44.744649970,-93.377649831,278.988,915.314
44.744649970,-93.377591251,278.974,915.269
44.744649970,-93.377532672,278.968,915.248
44.744649970,-93.377474092,279.069,915.579
44.744649970,-93.377415513,279.153,915.856
44.744649970,-93.377356933,279.224,916.088
44.744649970,-93.377298354,279.236,916.128
44.744649970,-93.377239774,279.244,916.155
44.744649970,-93.377181195,279.249,916.170
44.744649970,-93.377122615,279.240,916.141
44.744649970,-93.377064036,279.225,916.091
44.744649970,-93.377005456,279.199,916.006
44.744649970,-93.376946877,279.196,915.998
44.744649970,-93.376888297,279.199,916.008
44.744649970,-93.376829718,279.191,915.983
44.744649970,-93.376771138,279.184,915.957
44.744649970,-93.376712559,279.176,915.933
44.744649970,-93.376653979,279.181,915.947
44.744649970,-93.376595400,279.174,915.926
44.744649970,-93.376536820,279.154,915.858
44.744649970,-93.376478240,279.142,915.821
44.744649970,-93.376419661,279.135,915.796
44.744691030,-93.378411365,280.157,919.151
44.744691030,-93.378352785,280.025,918.718
44.744691030,-93.378294206,279.893,918.284
44.744691030,-93.378235626,279.748,917.809
44.744691030,-93.378177047,279.607,917.347
44.744691030,-93.378118467,279.479,916.927
44.744691030,-93.378059888,279.359,916.533
44.744691030,-93.378001308,279.244,916.154
44.744691030,-93.377942728,279.140,915.812
44.744691030,-93.377884149,279.051,915.523
44.744691030,-93.377825569,278.976,915.276
44.744691030,-93.377766990,278.964,915.236
44.744691030,-93.377708410,278.982,915.296
44.744691030,-93.377649831,279.045,915.501
44.744691030,-93.377591251,278.996,915.342
44.744691030,-93.377532672,278.962,915.231
44.744691030,-93.377474092,279.059,915.550
44.744691030,-93.377415513,279.134,915.794
44.744691030,-93.377356933,279.193,915.986
44.744691030,-93.377298354,279.205,916.027
44.744691030,-93.377239774,279.215,916.058
44.744691030,-93.377181195,279.221,916.080
44.744691030,-93.377122615,279.209,916.040
44.744691030,-93.377064036,279.189,915.976
44.744691030,-93.377005456,279.158,915.873
44.744691030,-93.376946877,279.158,915.874
44.744691030,-93.376888297,279.165,915.897
44.744691030,-93.376829718,279.152,915.855
44.744691030,-93.376771138,279.144,915.826
44.744691030,-93.376712559,279.138,915.807
44.744691030,-93.376653979,279.152,915.852
44.744691030,-93.376595400,279.151,915.849
44.744691030,-93.376536820,279.131,915.784
44.744691030,-93.376478240,279.127,915.771
44.744691030,-93.376419661,279.127,915.770
44.744732089,-93.378411365,280.957,921.775
44.744732089,-93.378352785,280.773,921.170
44.744732089,-93.378294206,280.585,920.556
44.744732089,-93.378235626,280.368,919.843
44.744732089,-93.378177047,280.154,919.139
44.744732089,-93.378118467,279.954,918.485
44.744732089,-93.378059888,279.787,917.936
44.744732089,-93.378001308,279.633,917.432
44.744732089,-93.377942728,279.487,916.952
44.744732089,-93.377884149,279.365,916.551
44.744732089,-93.377825569,279.261,916.211
44.744732089,-93.377766990,279.189,915.973
44.744732089,-93.377708410,279.147,915.836
44.744732089,-93.377649831,279.151,915.851
44.744732089,-93.377591251,279.045,915.501
44.744732089,-93.377532672,278.962,915.230
44.744732089,-93.377474092,279.044,915.499
44.744732089,-93.377415513,279.105,915.698
44.744732089,-93.377356933,279.150,915.845
44.744732089,-93.377298354,279.142,915.820
44.744732089,-93.377239774,279.133,915.791
44.744732089,-93.377181195,279.123,915.759
44.744732089,-93.377122615,279.111,915.719
44.744732089,-93.377064036,279.094,915.662
44.744732089,-93.377005456,279.066,915.572
44.744732089,-93.376946877,279.068,915.578
44.744732089,-93.376888297,279.074,915.596
44.744732089,-93.376829718,279.045,915.503
44.744732089,-93.376771138,279.032,915.460
44.744732089,-93.376712559,279.030,915.452
44.744732089,-93.376653979,279.055,915.534
44.744732089,-93.376595400,279.071,915.589
44.744732089,-93.376536820,279.077,915.607
44.744732089,-93.376478240,279.083,915.626
44.744732089,-93.376419661,279.091,915.652
44.744773149,-93.378411365,281.700,924.213
44.744773149,-93.378352785,281.470,923.458
44.744773149,-93.378294206,281.234,922.683
44.744773149,-93.378235626,280.954,921.765
44.744773149,-93.378177047,280.676,920.852
44.744773149,-93.378118467,280.414,919.994
44.744773149,-93.378059888,280.202,919.299
44.744773149,-93.378001308,280.011,918.671
44.744773149,-93.377942728,279.824,918.057
44.744773149,-93.377884149,279.666,917.541
44.744773149,-93.377825569,279.533,917.102
44.744773149,-93.377766990,279.402,916.675
44.744773149,-93.377708410,279.303,916.347
44.744773149,-93.377649831,279.249,916.172
44.744773149,-93.377591251,279.091,915.654
44.744773149,-93.377532672,278.966,915.243
44.744773149,-93.377474092,279.026,915.441
44.744773149,-93.377415513,279.069,915.580
44.744773149,-93.377356933,279.097,915.673
44.744773149,-93.377298354,279.070,915.584
44.744773149,-93.377239774,279.043,915.497
44.744773149,-93.377181195,279.018,915.413
44.744773149,-93.377122615,279.004,915.367
44.744773149,-93.377064036,278.987,915.312
44.744773149,-93.377005456,278.962,915.230
44.744773149,-93.376946877,278.963,915.233
44.744773149,-93.376888297,278.964,915.236
44.744773149,-93.376829718,278.922,915.097
44.744773149,-93.376771138,278.904,915.040
44.744773149,-93.376712559,278.904,915.040
44.744773149,-93.376653979,278.940,915.157
44.744773149,-93.376595400,278.973,915.266
44.744773149,-93.376536820,279.003,915.363
44.744773149,-93.376478240,279.019,915.417
44.744773149,-93.376419661,279.036,915.473
44.744814209,-93.378411365,281.997,925.188
44.744814209,-93.378352785,281.774,924.457
44.744814209,-93.378294206,281.536,923.673
44.744814209,-93.378235626,281.271,922.804
44.744814209,-93.378177047,281.007,921.938
44.744814209,-93.378118467,280.755,921.112
44.744814209,-93.378059888,280.522,920.346
44.744814209,-93.378001308,280.296,919.607
44.744814209,-93.377942728,280.076,918.884
44.744814209,-93.377884149,279.878,918.235
44.744814209,-93.377825569,279.698,917.645
44.744814209,-93.377766990,279.531,917.096
44.744814209,-93.377708410,279.387,916.625
44.744814209,-93.377649831,279.281,916.275
44.744814209,-93.377591251,279.127,915.772
44.744814209,-93.377532672,278.999,915.352
44.744814209,-93.377474092,278.990,915.321
44.744814209,-93.377415513,278.982,915.294
44.744814209,-93.377356933,278.971,915.260
44.744814209,-93.377298354,278.928,915.118
44.744814209,-93.377239774,278.888,914.986
44.744814209,-93.377181195,278.851,914.865
44.744814209,-93.377122615,278.824,914.776
44.744814209,-93.377064036,278.794,914.679
44.744814209,-93.377005456,278.758,914.561
44.744814209,-93.376946877,278.737,914.492
44.744814209,-93.376888297,278.716,914.422
44.744814209,-93.376829718,278.668,914.265
44.744814209,-93.376771138,278.646,914.194
44.744814209,-93.376712559,278.643,914.185
44.744814209,-93.376653979,278.686,914.324
44.744814209,-93.376595400,278.727,914.460
44.744814209,-93.376536820,278.768,914.592
44.744814209,-93.376478240,278.802,914.703
44.744814209,-93.376419661,278.836,914.817
44.744855269,-93.378411365,282.295,926.164
44.744855269,-93.378352785,282.079,925.455
44.744855269,-93.378294206,281.838,924.664
44.744855269,-93.378235626,281.587,923.842
44.744855269,-93.378177047,281.338,923.025
44.744855269,-93.378118467,281.096,922.230
44.744855269,-93.378059888,280.841,921.394
44.744855269,-93.378001308,280.582,920.543
44.744855269,-93.377942728,280.328,919.711
44.744855269,-93.377884149,280.090,918.930
44.744855269,-93.377825569,279.864,918.189
44.744855269,-93.377766990,279.659,917.516
44.744855269,-93.377708410,279.472,916.903
44.744855269,-93.377649831,279.312,916.378
44.744855269,-93.377591251,279.163,915.889
44.744855269,-93.377532672,279.032,915.461
44.744855269,-93.377474092,278.953,915.201
44.744855269,-93.377415513,278.894,915.008
44.744855269,-93.377356933,278.845,914.847
44.744855269,-93.377298354,278.786,914.652
44.744855269,-93.377239774,278.732,914.475
44.744855269,-93.377181195,278.684,914.317
44.744855269,-93.377122615,278.643,914.185
44.744855269,-93.377064036,278.601,914.047
44.744855269,-93.377005456,278.554,913.892
44.744855269,-93.376946877,278.511,913.751
44.744855269,-93.376888297,278.468,913.608
44.744855269,-93.376829718,278.414,913.432
44.744855269,-93.376771138,278.388,913.348
44.744855269,-93.376712559,278.383,913.329
44.744855269,-93.376653979,278.432,913.490
44.744855269,-93.376595400,278.482,913.654
44.744855269,-93.376536820,278.533,913.821
44.744855269,-93.376478240,278.584,913.989
44.744855269,-93.376419661,278.636,914.160
44.744896329,-93.378411365,282.325,926.262
44.744896329,-93.378352785,282.169,925.751
44.744896329,-93.378294206,281.982,925.139
44.744896329,-93.378235626,281.732,924.318
44.744896329,-93.378177047,281.478,923.483
44.744896329,-93.378118467,281.234,922.684
44.744896329,-93.378059888,280.974,921.830
44.744896329,-93.378001308,280.707,920.954
44.744896329,-93.377942728,280.442,920.085
44.744896329,-93.377884149,280.186,919.245
44.744896329,-93.377825569,279.936,918.426
44.744896329,-93.377766990,279.705,917.668
44.744896329,-93.377708410,279.493,916.972
44.744896329,-93.377649831,279.310,916.371
44.744896329,-93.377591251,279.177,915.935
44.744896329,-93.377532672,279.068,915.578
44.744896329,-93.377474092,279.000,915.354
44.744896329,-93.377415513,278.938,915.152
44.744896329,-93.377356933,278.880,914.959
44.744896329,-93.377298354,278.812,914.737
44.744896329,-93.377239774,278.749,914.530
44.744896329,-93.377181195,278.691,914.339
44.744896329,-93.377122615,278.645,914.189
44.744896329,-93.377064036,278.599,914.039
44.744896329,-93.377005456,278.551,913.880
44.744896329,-93.376946877,278.505,913.731
44.744896329,-93.376888297,278.460,913.581
44.744896329,-93.376829718,278.407,913.408
44.744896329,-93.376771138,278.380,913.319
44.744896329,-93.376712559,278.371,913.292
44.744896329,-93.376653979,278.417,913.442
44.744896329,-93.376595400,278.465,913.599
44.744896329,-93.376536820,278.516,913.765
44.744896329,-93.376478240,278.570,913.944
44.744896329,-93.376419661,278.624,914.122
44.744937389,-93.378411365,282.310,926.215
44.744937389,-93.378352785,282.224,925.931
44.744937389,-93.378294206,282.101,925.529
44.744937389,-93.378235626,281.849,924.701
44.744937389,-93.378177047,281.586,923.838
44.744937389,-93.378118467,281.339,923.028
44.744937389,-93.378059888,281.076,922.164
44.744937389,-93.378001308,280.805,921.277
44.744937389,-93.377942728,280.533,920.385
44.744937389,-93.377884149,280.263,919.497
44.744937389,-93.377825569,279.993,918.613
44.744937389,-93.377766990,279.738,917.775
44.744937389,-93.377708410,279.504,917.007
44.744937389,-93.377649831,279.302,916.346
44.744937389,-93.377591251,279.187,915.969
44.744937389,-93.377532672,279.104,915.696
44.744937389,-93.377474092,279.060,915.552
44.744937389,-93.377415513,279.004,915.367
44.744937389,-93.377356933,278.940,915.159
44.744937389,-93.377298354,278.865,914.913
44.744937389,-93.377239774,278.794,914.678
44.744937389,-93.377181195,278.726,914.456
44.744937389,-93.377122615,278.676,914.293
44.744937389,-93.377064036,278.628,914.135
44.744937389,-93.377005456,278.580,913.976
44.744937389,-93.376946877,278.535,913.830
44.744937389,-93.376888297,278.491,913.684
44.744937389,-93.376829718,278.440,913.517
44.744937389,-93.376771138,278.412,913.426
44.744937389,-93.376712559,278.402,913.391
44.744937389,-93.376653979,278.442,913.525
44.744937389,-93.376595400,278.486,913.669
44.744937389,-93.376536820,278.535,913.828
44.744937389,-93.376478240,278.590,914.010
44.744937389,-93.376419661,278.644,914.186
44.744978449,-93.378411365,282.288,926.141
44.744978449,-93.378352785,282.202,925.859
44.744978449,-93.378294206,282.090,925.492
44.744978449,-93.378235626,281.908,924.896
44.744978449,-93.378177047,281.722,924.284
44.744978449,-93.378118467,281.546,923.709
44.744978449,-93.378059888,281.350,923.065
44.744978449,-93.378001308,281.145,922.393
44.744978449,-93.377942728,280.938,921.711
44.744978449,-93.377884149,280.736,921.050
44.744978449,-93.377825569,280.540,920.406
44.744978449,-93.377766990,280.298,919.614
44.744978449,-93.377708410,279.961,918.509
44.744978449,-93.377649831,279.480,916.928
44.744978449,-93.377591251,279.293,916.317
44.744978449,-93.377532672,279.233,916.119
44.744978449,-93.377474092,279.364,916.549
44.744978449,-93.377415513,279.426,916.751
44.744978449,-93.377356933,279.442,916.804
44.744978449,-93.377298354,279.351,916.505
44.744978449,-93.377239774,279.268,916.235
44.744978449,-93.377181195,279.195,915.994
44.744978449,-93.377122615,279.139,915.810
44.744978449,-93.377064036,279.083,915.626
44.744978449,-93.377005456,279.024,915.432
44.744978449,-93.376946877,278.971,915.260
44.744978449,-93.376888297,278.920,915.093
44.744978449,-93.376829718,278.864,914.908
44.744978449,-93.376771138,278.823,914.774
44.744978449,-93.376712559,278.794,914.677
44.744978449,-93.376653979,278.799,914.696
44.744978449,-93.376595400,278.804,914.712
44.744978449,-93.376536820,278.808,914.724
44.744978449,-93.376478240,278.814,914.744
44.744978449,-93.376419661,278.820,914.764
44.745019509,-93.378411365,282.260,926.050
44.745019509,-93.378352785,282.129,925.620
44.745019509,-93.378294206,281.993,925.173
44.745019509,-93.378235626,281.930,924.966
44.745019509,-93.378177047,281.876,924.791
44.745019509,-93.378118467,281.821,924.611
44.745019509,-93.378059888,281.739,924.339
44.745019509,-93.378001308,281.645,924.031
44.745019509,-93.377942728,281.548,923.715
44.745019509,-93.377884149,281.471,923.462
44.745019509,-93.377825569,281.409,923.259
44.745019509,-93.377766990,281.207,922.595
44.745019509,-93.377708410,280.714,920.978
44.745019509,-93.377649831,279.779,917.910
44.745019509,-93.377591251,279.463,916.872
44.745019509,-93.377532672,279.423,916.742
44.745019509,-93.377474092,279.829,918.074
44.745019509,-93.377415513,280.082,918.904
44.745019509,-93.377356933,280.233,919.401
44.745019509,-93.377298354,280.121,919.031
44.745019509,-93.377239774,280.026,918.720
44.745019509,-93.377181195,279.950,918.470
44.745019509,-93.377122615,279.885,918.259
44.745019509,-93.377064036,279.818,918.037
44.745019509,-93.377005456,279.740,917.783
44.745019509,-93.376946877,279.674,917.567
44.745019509,-93.376888297,279.612,917.361
44.745019509,-93.376829718,279.545,917.144
44.745019509,-93.376771138,279.483,916.940
44.745019509,-93.376712559,279.424,916.747
44.745019509,-93.376653979,279.375,916.584
44.745019509,-93.376595400,279.317,916.395
44.745019509,-93.376536820,279.249,916.170
44.745019509,-93.376478240,279.172,915.920
44.745019509,-93.376419661,279.100,915.681
44.745060569,-93.378411365,282.270,926.083
44.745060569,-93.378352785,282.112,925.563
44.745060569,-93.378294206,281.963,925.075
44.745060569,-93.378235626,281.973,925.107
44.745060569,-93.378177047,282.001,925.201
44.745060569,-93.378118467,282.023,925.271
44.745060569,-93.378059888,282.015,925.247
44.745060569,-93.378001308,281.997,925.188
44.745060569,-93.377942728,281.984,925.144
44.745060569,-93.377884149,281.980,925.133
44.745060569,-93.377825569,281.985,925.146
44.745060569,-93.377766990,281.812,924.579
44.745060569,-93.377708410,281.231,922.673
44.745060569,-93.377649831,280.029,918.732
44.745060569,-93.377591251,279.641,917.457
44.745060569,-93.377532672,279.615,917.373
44.745060569,-93.377474092,280.170,919.194
44.745060569,-93.377415513,280.508,920.303
44.745060569,-93.377356933,280.706,920.952
44.745060569,-93.377298354,280.584,920.550
44.745060569,-93.377239774,280.486,920.231
44.745060569,-93.377181195,280.415,919.997
44.745060569,-93.377122615,280.352,919.790
44.745060569,-93.377064036,280.284,919.567
44.745060569,-93.377005456,280.205,919.308
44.745060569,-93.376946877,280.135,919.079
44.745060569,-93.376888297,280.068,918.857
44.745060569,-93.376829718,279.997,918.624
44.745060569,-93.376771138,279.920,918.374
44.745060569,-93.376712559,279.840,918.112
44.745060569,-93.376653979,279.750,917.815
44.745060569,-93.376595400,279.649,917.482
44.745060569,-93.376536820,279.533,917.102
44.745060569,-93.376478240,279.405,916.684
44.745060569,-93.376419661,279.282,916.279
44.745101629,-93.378411365,282.352,926.351
44.745101629,-93.378352785,282.198,925.846
44.745101629,-93.378294206,282.060,925.393
44.745101629,-93.378235626,282.056,925.381
44.745101629,-93.378177047,282.071,925.429
44.745101629,-93.378118467,282.085,925.477
44.745101629,-93.378059888,282.082,925.466
44.745101629,-93.378001308,282.075,925.443
44.745101629,-93.377942728,282.091,925.494
44.745101629,-93.377884149,282.065,925.412
44.745101629,-93.377825569,282.008,925.222
44.745101629,-93.377766990,281.845,924.689
44.745101629,-93.377708410,281.305,922.917
44.745101629,-93.377649831,280.187,919.250
44.745101629,-93.377591251,279.837,918.099
44.745101629,-93.377532672,279.812,918.017
44.745101629,-93.377474092,280.280,919.554
44.745101629,-93.377415513,280.503,920.285
44.745101629,-93.377356933,280.580,920.538
44.745101629,-93.377298354,280.470,920.177
44.745101629,-93.377239774,280.389,919.911
44.745101629,-93.377181195,280.337,919.742
44.745101629,-93.377122615,280.293,919.595
44.745101629,-93.377064036,280.247,919.445
44.745101629,-93.377005456,280.197,919.280
44.745101629,-93.376946877,280.141,919.097
44.745101629,-93.376888297,280.082,918.903
44.745101629,-93.376829718,280.015,918.685
44.745101629,-93.376771138,279.938,918.432
44.745101629,-93.376712559,279.854,918.156
44.745101629,-93.376653979,279.749,917.810
44.745101629,-93.376595400,279.639,917.449
44.745101629,-93.376536820,279.522,917.068
44.745101629,-93.376478240,279.403,916.678
44.745101629,-93.376419661,279.282,916.280
44.745142688,-93.378411365,282.433,926.616
44.745142688,-93.378352785,282.286,926.134
44.745142688,-93.378294206,282.160,925.723
44.745142688,-93.378235626,282.143,925.667
44.745142688,-93.378177047,282.144,925.670
44.745142688,-93.378118467,282.154,925.701
44.745142688,-93.378059888,282.153,925.699
44.745142688,-93.378001308,282.154,925.703
44.745142688,-93.377942728,282.194,925.833
44.745142688,-93.377884149,282.147,925.678
44.745142688,-93.377825569,282.030,925.296
44.745142688,-93.377766990,281.880,924.803
44.745142688,-93.377708410,281.381,923.166
44.745142688,-93.377649831,280.346,919.771
44.745142688,-93.377591251,280.032,918.742
44.745142688,-93.377532672,280.006,918.656
44.745142688,-93.377474092,280.383,919.892
44.745142688,-93.377415513,280.492,920.250
44.745142688,-93.377356933,280.454,920.125
44.745142688,-93.377298354,280.356,919.802
44.745142688,-93.377239774,280.289,919.585
44.745142688,-93.377181195,280.257,919.478
44.745142688,-93.377122615,280.232,919.396
44.745142688,-93.377064036,280.210,919.324
44.745142688,-93.377005456,280.192,919.264
44.745142688,-93.376946877,280.152,919.135
44.745142688,-93.376888297,280.104,918.975
44.745142688,-93.376829718,280.044,918.780
44.745142688,-93.376771138,279.968,918.530
44.745142688,-93.376712559,279.880,918.242
44.745142688,-93.376653979,279.760,917.849
44.745142688,-93.376595400,279.641,917.457
44.745142688,-93.376536820,279.523,917.069
44.745142688,-93.376478240,279.410,916.701
44.745142688,-93.376419661,279.290,916.307
44.745183748,-93.378411365,282.506,926.856
44.745183748,-93.378352785,282.391,926.479
44.745183748,-93.378294206,282.297,926.171
44.745183748,-93.378235626,282.268,926.075
44.745183748,-93.378177047,282.258,926.043
44.745183748,-93.378118467,282.272,926.090
44.745183748,-93.378059888,282.265,926.068
44.745183748,-93.378001308,282.253,926.029
44.745183748,-93.377942728,282.263,926.059
44.745183748,-93.377884149,282.189,925.818
44.745183748,-93.377825569,282.050,925.361
44.745183748,-93.377766990,281.926,924.953
44.745183748,-93.377708410,281.472,923.465
44.745183748,-93.377649831,280.512,920.315
44.745183748,-93.377591251,280.229,919.388
44.745183748,-93.377532672,280.186,919.245
44.745183748,-93.377474092,280.418,920.006
44.745183748,-93.377415513,280.432,920.053
44.745183748,-93.377356933,280.331,919.720
44.745183748,-93.377298354,280.233,919.398
44.745183748,-93.377239774,280.172,919.198
44.745183748,-93.377181195,280.149,919.125
44.745183748,-93.377122615,280.157,919.149
44.745183748,-93.377064036,280.178,919.218
44.745183748,-93.377005456,280.220,919.358
44.745183748,-93.376946877,280.220,919.359
44.745183748,-93.376888297,280.204,919.304
44.745183748,-93.376829718,280.175,919.210
44.745183748,-93.376771138,280.115,919.012
44.745183748,-93.376712559,280.032,918.740
44.745183748,-93.376653979,279.899,918.303
44.745183748,-93.376595400,279.765,917.863
44.745183748,-93.376536820,279.629,917.417
44.745183748,-93.376478240,279.504,917.008
44.745183748,-93.376419661,279.376,916.588
44.745224808,-93.378411365,282.579,927.095
44.745224808,-93.378352785,282.496,926.824
44.745224808,-93.378294206,282.433,926.618
44.745224808,-93.378235626,282.392,926.483
44.745224808,-93.378177047,282.371,926.415
44.745224808,-93.378118467,282.391,926.479
44.745224808,-93.378059888,282.378,926.437
44.745224808,-93.378001308,282.353,926.354
44.745224808,-93.377942728,282.332,926.285
44.745224808,-93.377884149,282.232,925.959
44.745224808,-93.377825569,282.070,925.426
44.745224808,-93.377766990,281.971,925.102
44.745224808,-93.377708410,281.563,923.764
44.745224808,-93.377649831,280.678,920.858
44.745224808,-93.377591251,280.426,920.033
44.745224808,-93.377532672,280.365,919.834
44.745224808,-93.377474092,280.453,920.120
44.745224808,-93.377415513,280.372,919.856
44.745224808,-93.377356933,280.207,919.315
44.745224808,-93.377298354,280.110,918.995
44.745224808,-93.377239774,280.054,918.812
44.745224808,-93.377181195,280.042,918.772
44.745224808,-93.377122615,280.081,918.902
44.745224808,-93.377064036,280.145,919.112
44.745224808,-93.377005456,280.249,919.452
44.745224808,-93.376946877,280.289,919.582
44.745224808,-93.376888297,280.304,919.633
44.745224808,-93.376829718,280.306,919.640
44.745224808,-93.376771138,280.262,919.493
44.745224808,-93.376712559,280.183,919.237
44.745224808,-93.376653979,280.037,918.758
44.745224808,-93.376595400,279.888,918.268
44.745224808,-93.376536820,279.735,917.765
44.745224808,-93.376478240,279.598,917.315
44.745224808,-93.376419661,279.461,916.868
44.745265868,-93.378411365,282.622,927.237
44.745265868,-93.378352785,282.551,927.005
44.745265868,-93.378294206,282.480,926.773
44.745265868,-93.378235626,282.433,926.616
44.745265868,-93.378177047,282.415,926.557
44.745265868,-93.378118467,282.459,926.704
44.745265868,-93.378059888,282.458,926.698
44.745265868,-93.378001308,282.433,926.617
44.745265868,-93.377942728,282.377,926.434
44.745265868,-93.377884149,282.248,926.009
44.745265868,-93.377825569,282.059,925.391
44.745265868,-93.377766990,281.964,925.080
44.745265868,-93.377708410,281.608,923.911
44.745265868,-93.377649831,280.845,921.407
44.745265868,-93.377591251,280.634,920.714
44.745265868,-93.377532672,280.562,920.478
44.745265868,-93.377474092,280.531,920.377
44.745265868,-93.377415513,280.398,919.942
44.745265868,-93.377356933,280.219,919.352
44.745265868,-93.377298354,280.137,919.086
44.745265868,-93.377239774,280.096,918.949
44.745265868,-93.377181195,280.095,918.946
44.745265868,-93.377122615,280.117,919.019
44.745265868,-93.377064036,280.167,919.183
44.745265868,-93.377005456,280.269,919.518
44.745265868,-93.376946877,280.340,919.749
44.745265868,-93.376888297,280.387,919.906
44.745265868,-93.376829718,280.374,919.863
44.745265868,-93.376771138,280.333,919.729
44.745265868,-93.376712559,280.273,919.530
44.745265868,-93.376653979,280.170,919.193
44.745265868,-93.376595400,280.077,918.888
44.745265868,-93.376536820,279.997,918.626
44.745265868,-93.376478240,279.856,918.163
44.745265868,-93.376419661,279.711,917.686
44.745306928,-93.378411365,282.659,927.360
44.745306928,-93.378352785,282.596,927.153
44.745306928,-93.378294206,282.510,926.870
44.745306928,-93.378235626,282.457,926.695
44.745306928,-93.378177047,282.444,926.654
44.745306928,-93.378118467,282.518,926.896
44.745306928,-93.378059888,282.531,926.939
44.745306928,-93.378001308,282.509,926.868
44.745306928,-93.377942728,282.418,926.568
44.745306928,-93.377884149,282.258,926.042
44.745306928,-93.377825569,282.042,925.336
44.745306928,-93.377766990,281.948,925.026
44.745306928,-93.377708410,281.644,924.028
44.745306928,-93.377649831,281.013,921.957
44.745306928,-93.377591251,280.843,921.402
44.745306928,-93.377532672,280.761,921.133
44.745306928,-93.377474092,280.618,920.661
44.745306928,-93.377415513,280.441,920.082
44.745306928,-93.377356933,280.256,919.475
44.745306928,-93.377298354,280.194,919.273
44.745306928,-93.377239774,280.168,919.187
44.745306928,-93.377181195,280.179,919.223
44.745306928,-93.377122615,280.174,919.207
44.745306928,-93.377064036,280.199,919.288
44.745306928,-93.377005456,280.288,919.579
44.745306928,-93.376946877,280.387,919.906
44.745306928,-93.376888297,280.467,920.167
44.745306928,-93.376829718,280.430,920.046
44.745306928,-93.376771138,280.391,919.917
44.745306928,-93.376712559,280.350,919.784
44.745306928,-93.376653979,280.302,919.626
44.745306928,-93.376595400,280.279,919.551
44.745306928,-93.376536820,280.290,919.588
44.745306928,-93.376478240,280.146,919.115
44.745306928,-93.376419661,279.991,918.607
44.745347988,-93.378411365,282.676,927.414
44.745347988,-93.378352785,282.611,927.203
44.745347988,-93.378294206,282.501,926.841
44.745347988,-93.378235626,282.441,926.644
44.745347988,-93.378177047,282.421,926.577
44.745347988,-93.378118467,282.478,926.764
44.745347988,-93.378059888,282.495,926.822
44.745347988,-93.378001308,282.482,926.779
44.745347988,-93.377942728,282.375,926.426
44.745347988,-93.377884149,282.214,925.900
44.745347988,-93.377825569,282.012,925.235
44.745347988,-93.377766990,281.916,924.923
44.745347988,-93.377708410,281.668,924.107
44.745347988,-93.377649831,281.178,922.501
44.745347988,-93.377591251,281.049,922.077
44.745347988,-93.377532672,280.969,921.814
44.745347988,-93.377474092,280.777,921.185
44.745347988,-93.377415513,280.567,920.497
44.745347988,-93.377356933,280.360,919.817
44.745347988,-93.377298354,280.313,919.661
44.745347988,-93.377239774,280.302,919.626
44.745347988,-93.377181195,280.329,919.716
44.745347988,-93.377122615,280.295,919.603
44.745347988,-93.377064036,280.287,919.577
44.745347988,-93.377005456,280.345,919.768
44.745347988,-93.376946877,280.423,920.024
44.745347988,-93.376888297,280.489,920.238
44.745347988,-93.376829718,280.456,920.133
44.745347988,-93.376771138,280.429,920.043
44.745347988,-93.376712559,280.405,919.963
44.745347988,-93.376653979,280.387,919.904
44.745347988,-93.376595400,280.380,919.882
44.745347988,-93.376536820,280.389,919.910
44.745347988,-93.376478240,280.222,919.363
44.745347988,-93.376419661,280.054,918.814
44.745389048,-93.378411365,282.677,927.417
44.745389048,-93.378352785,282.605,927.182
44.745389048,-93.378294206,282.465,926.721
44.745389048,-93.378235626,282.397,926.499
44.745389048,-93.378177047,282.359,926.374
44.745389048,-93.378118467,282.367,926.401
44.745389048,-93.378059888,282.381,926.448
44.745389048,-93.378001308,282.381,926.446
44.745389048,-93.377942728,282.272,926.088
44.745389048,-93.377884149,282.133,925.633
44.745389048,-93.377825569,281.970,925.100
44.745389048,-93.377766990,281.874,924.785
44.745389048,-93.377708410,281.683,924.157
44.745389048,-93.377649831,281.342,923.039
44.745389048,-93.377591251,281.252,922.744
44.745389048,-93.377532672,281.182,922.514
44.745389048,-93.377474092,280.989,921.881
44.745389048,-93.377415513,280.754,921.109
44.745389048,-93.377356933,280.512,920.316
44.745389048,-93.377298354,280.475,920.193
44.745389048,-93.377239774,280.479,920.208
44.745389048,-93.377181195,280.527,920.365
44.745389048,-93.377122615,280.461,920.149
44.745389048,-93.377064036,280.415,919.996
44.745389048,-93.377005456,280.431,920.048
44.745389048,-93.376946877,280.451,920.116
44.745389048,-93.376888297,280.469,920.173
44.745389048,-93.376829718,280.462,920.151
44.745389048,-93.376771138,280.453,920.122
44.745389048,-93.376712559,280.443,920.089
44.745389048,-93.376653979,280.438,920.073
44.745389048,-93.376595400,280.409,919.977
44.745389048,-93.376536820,280.347,919.774
44.745389048,-93.376478240,280.144,919.107
44.745389048,-93.376419661,279.961,918.508
44.745430108,-93.378411365,282.663,927.372
44.745430108,-93.378352785,282.589,927.129
44.745430108,-93.378294206,282.444,926.653
44.745430108,-93.378235626,282.372,926.416
44.745430108,-93.378177047,282.318,926.241
44.745430108,-93.378118467,282.286,926.135
44.745430108,-93.378059888,282.285,926.133
44.745430108,-93.378001308,282.281,926.120
44.745430108,-93.377942728,282.176,925.774
44.745430108,-93.377884149,282.058,925.386
44.745430108,-93.377825569,281.930,924.966
44.745430108,-93.377766990,281.837,924.663
44.745430108,-93.377708410,281.702,924.219
44.745430108,-93.377649831,281.499,923.553
44.745430108,-93.377591251,281.447,923.384
44.745430108,-93.377532672,281.395,923.212
44.745430108,-93.377474092,281.223,922.649
44.745430108,-93.377415513,280.990,921.882
44.745430108,-93.377356933,280.739,921.058
44.745430108,-93.377298354,280.693,920.910
44.745430108,-93.377239774,280.688,920.893
44.745430108,-93.377181195,280.725,921.014
44.745430108,-93.377122615,280.635,920.718
44.745430108,-93.377064036,280.557,920.463
44.745430108,-93.377005456,280.531,920.377
44.745430108,-93.376946877,280.499,920.271
44.745430108,-93.376888297,280.469,920.173
44.745430108,-93.376829718,280.460,920.144
44.745430108,-93.376771138,280.446,920.098
44.745430108,-93.376712559,280.428,920.038
44.745430108,-93.376653979,280.415,919.996
44.745430108,-93.376595400,280.360,919.816
44.745430108,-93.376536820,280.249,919.452
44.745430108,-93.376478240,280.039,918.762
44.745430108,-93.376419661,279.860,918.176
44.745471168,-93.378411365,282.619,927.229
44.745471168,-93.378352785,282.553,927.010
44.745471168,-93.378294206,282.456,926.692
44.745471168,-93.378235626,282.385,926.462
44.745471168,-93.378177047,282.322,926.254
44.745471168,-93.378118467,282.267,926.072
44.745471168,-93.378059888,282.227,925.943
44.745471168,-93.378001308,282.187,925.809
44.745471168,-93.377942728,282.096,925.511
44.745471168,-93.377884149,281.996,925.184
44.745471168,-93.377825569,281.889,924.834
44.745471168,-93.377766990,281.810,924.573
44.745471168,-93.377708410,281.727,924.302
44.745471168,-93.377649831,281.639,924.014
44.745471168,-93.377591251,281.626,923.971
44.745471168,-93.377532672,281.606,923.904
44.745471168,-93.377474092,281.503,923.567
44.745471168,-93.377415513,281.325,922.984
44.745471168,-93.377356933,281.117,922.300
44.745471168,-93.377298354,281.027,922.005
44.745471168,-93.377239774,280.963,921.793
44.745471168,-93.377181195,280.924,921.666
44.745471168,-93.377122615,280.822,921.333
44.745471168,-93.377064036,280.728,921.024
44.745471168,-93.377005456,280.661,920.805
44.745471168,-93.376946877,280.586,920.559
44.745471168,-93.376888297,280.510,920.309
44.745471168,-93.376829718,280.443,920.087
44.745471168,-93.376771138,280.373,919.858
44.745471168,-93.376712559,280.302,919.624
44.745471168,-93.376653979,280.237,919.414
44.745471168,-93.376595400,280.151,919.130
44.745471168,-93.376536820,280.034,918.746
44.745471168,-93.376478240,279.878,918.236
44.745471168,-93.376419661,279.743,917.792
44.745512228,-93.378411365,282.582,927.105
44.745512228,-93.378352785,282.522,926.909
44.745512228,-93.378294206,282.469,926.737
44.745512228,-93.378235626,282.402,926.516
44.745512228,-93.378177047,282.331,926.283
44.745512228,-93.378118467,282.255,926.034
44.745512228,-93.378059888,282.181,925.791
44.745512228,-93.378001308,282.107,925.550
44.745512228,-93.377942728,282.031,925.299
44.745512228,-93.377884149,281.950,925.033
44.745512228,-93.377825569,281.865,924.755
44.745512228,-93.377766990,281.800,924.541
44.745512228,-93.377708410,281.765,924.427
44.745512228,-93.377649831,281.777,924.466
44.745512228,-93.377591251,281.799,924.538
44.745512228,-93.377532672,281.808,924.566
44.745512228,-93.377474092,281.762,924.416
44.745512228,-93.377415513,281.632,923.991
44.745512228,-93.377356933,281.461,923.430
44.745512228,-93.377298354,281.333,923.009
44.745512228,-93.377239774,281.215,922.622
44.745512228,-93.377181195,281.107,922.268
44.745512228,-93.377122615,280.995,921.900
44.745512228,-93.377064036,280.887,921.544
44.745512228,-93.377005456,280.786,921.214
44.745512228,-93.376946877,280.673,920.843
44.745512228,-93.376888297,280.555,920.455
44.745512228,-93.376829718,280.433,920.057
44.745512228,-93.376771138,280.313,919.661
44.745512228,-93.376712559,280.193,919.268
44.745512228,-93.376653979,280.083,918.907
44.745512228,-93.376595400,279.968,918.530
44.745512228,-93.376536820,279.846,918.131
44.745512228,-93.376478240,279.739,917.778
44.745512228,-93.376419661,279.642,917.461
44.745553287,-93.378411365,282.620,927.230
44.745553287,-93.378352785,282.565,927.052
44.745553287,-93.378294206,282.510,926.871
44.745553287,-93.378235626,282.455,926.688
44.745553287,-93.378177047,282.399,926.507
44.745553287,-93.378118467,282.346,926.331
44.745553287,-93.378059888,282.289,926.144
44.745553287,-93.378001308,282.229,925.949
44.745553287,-93.377942728,282.165,925.738
44.745553287,-93.377884149,282.103,925.536
44.745553287,-93.377825569,282.044,925.341
44.745553287,-93.377766990,282.016,925.250
44.745553287,-93.377708410,281.965,925.082
44.745553287,-93.377649831,281.877,924.794
44.745553287,-93.377591251,281.893,924.846
44.745553287,-93.377532672,281.891,924.839
44.745553287,-93.377474092,281.751,924.379
44.745553287,-93.377415513,281.568,923.780
44.745553287,-93.377356933,281.371,923.133
44.745553287,-93.377298354,281.281,922.837
44.745553287,-93.377239774,281.190,922.539
44.745553287,-93.377181195,281.098,922.238
44.745553287,-93.377122615,280.980,921.850
44.745553287,-93.377064036,280.884,921.537
44.745553287,-93.377005456,280.840,921.392
44.745553287,-93.376946877,280.748,921.088
44.745553287,-93.376888297,280.638,920.729
44.745553287,-93.376829718,280.527,920.363
44.745553287,-93.376771138,280.417,920.004
44.745553287,-93.376712559,280.309,919.650
44.745553287,-93.376653979,280.216,919.344
44.745553287,-93.376595400,280.119,919.027
44.745553287,-93.376536820,280.019,918.696
44.745553287,-93.376478240,279.870,918.210
44.745553287,-93.376419661,279.748,917.807
44.745594347,-93.378411365,282.658,927.355
44.745594347,-93.378352785,282.609,927.194
44.745594347,-93.378294206,282.551,927.006
44.745594347,-93.378235626,282.507,926.860
44.745594347,-93.378177047,282.468,926.732
44.745594347,-93.378118467,282.436,926.628
44.745594347,-93.378059888,282.396,926.496
44.745594347,-93.378001308,282.351,926.349
44.745594347,-93.377942728,282.299,926.178
44.745594347,-93.377884149,282.257,926.039
44.745594347,-93.377825569,282.222,925.926
44.745594347,-93.377766990,282.232,925.958
44.745594347,-93.377708410,282.165,925.737
44.745594347,-93.377649831,281.977,925.122
44.745594347,-93.377591251,281.987,925.153
44.745594347,-93.377532672,281.974,925.112
44.745594347,-93.377474092,281.740,924.342
44.745594347,-93.377415513,281.504,923.569
44.745594347,-93.377356933,281.280,922.836
44.745594347,-93.377298354,281.228,922.665
44.745594347,-93.377239774,281.165,922.457
44.745594347,-93.377181195,281.089,922.208
44.745594347,-93.377122615,280.965,921.800
44.745594347,-93.377064036,280.882,921.530
44.745594347,-93.377005456,280.895,921.570
44.745594347,-93.376946877,280.822,921.333
44.745594347,-93.376888297,280.721,921.002
44.745594347,-93.376829718,280.620,920.669
44.745594347,-93.376771138,280.521,920.346
44.745594347,-93.376712559,280.426,920.031
44.745594347,-93.376653979,280.349,919.781
44.745594347,-93.376595400,280.271,919.525
44.745594347,-93.376536820,280.191,919.261
44.745594347,-93.376478240,280.002,918.642
44.745594347,-93.376419661,279.853,918.153
44.745635407,-93.378411365,282.667,927.385
44.745635407,-93.378352785,282.635,927.280
44.745635407,-93.378294206,282.592,927.139
44.745635407,-93.378235626,282.561,927.036
44.745635407,-93.378177047,282.533,926.946
44.745635407,-93.378118467,282.512,926.876
44.745635407,-93.378059888,282.480,926.772
44.745635407,-93.378001308,282.442,926.649
44.745635407,-93.377942728,282.394,926.490
44.745635407,-93.377884149,282.356,926.364
44.745635407,-93.377825569,282.326,926.265
44.745635407,-93.377766990,282.329,926.277
44.745635407,-93.377708410,282.281,926.119
44.745635407,-93.377649831,282.153,925.697
44.745635407,-93.377591251,282.134,925.636
44.745635407,-93.377532672,282.053,925.370
44.745635407,-93.377474092,281.683,924.158
44.745635407,-93.377415513,281.389,923.192
44.745635407,-93.377356933,281.150,922.408
44.745635407,-93.377298354,281.115,922.292
44.745635407,-93.377239774,281.065,922.130
44.745635407,-93.377181195,281.002,921.922
44.745635407,-93.377122615,280.900,921.588
44.745635407,-93.377064036,280.847,921.414
44.745635407,-93.377005456,280.901,921.592
44.745635407,-93.376946877,280.853,921.434
44.745635407,-93.376888297,280.776,921.181
44.745635407,-93.376829718,280.726,921.017
44.745635407,-93.376771138,280.637,920.724
44.745635407,-93.376712559,280.520,920.342
44.745635407,-93.376653979,280.472,920.185
44.745635407,-93.376595400,280.438,920.072
44.745635407,-93.376536820,280.422,920.019
44.745635407,-93.376478240,280.212,919.332
44.745635407,-93.376419661,280.026,918.721
44.745676467,-93.378411365,282.670,927.395
44.745676467,-93.378352785,282.657,927.353
44.745676467,-93.378294206,282.633,927.273
44.745676467,-93.378235626,282.614,927.212
44.745676467,-93.378177047,282.598,927.159
44.745676467,-93.378118467,282.584,927.114
44.745676467,-93.378059888,282.559,927.031
44.745676467,-93.378001308,282.527,926.925
44.745676467,-93.377942728,282.481,926.774
44.745676467,-93.377884149,282.443,926.650
44.745676467,-93.377825569,282.412,926.549
44.745676467,-93.377766990,282.400,926.508
44.745676467,-93.377708410,282.379,926.440
44.745676467,-93.377649831,282.345,926.328
44.745676467,-93.377591251,282.293,926.158
44.745676467,-93.377532672,282.131,925.625
44.745676467,-93.377474092,281.617,923.941
44.745676467,-93.377415513,281.263,922.778
44.745676467,-93.377356933,281.011,921.951
44.745676467,-93.377298354,280.987,921.873
44.745676467,-93.377239774,280.949,921.750
44.745676467,-93.377181195,280.897,921.579
44.745676467,-93.377122615,280.824,921.339
44.745676467,-93.377064036,280.804,921.273
44.745676467,-93.377005456,280.897,921.578
44.745676467,-93.376946877,280.874,921.503
44.745676467,-93.376888297,280.825,921.340
44.745676467,-93.376829718,280.835,921.375
44.745676467,-93.376771138,280.754,921.110
44.745676467,-93.376712559,280.610,920.636
44.745676467,-93.376653979,280.593,920.582
44.745676467,-93.376595400,280.608,920.631
44.745676467,-93.376536820,280.666,920.819
44.745676467,-93.376478240,280.440,920.079
44.745676467,-93.376419661,280.215,919.339
44.745717527,-93.378411365,282.713,927.536
44.745717527,-93.378352785,282.731,927.595
44.745717527,-93.378294206,282.710,927.527
44.745717527,-93.378235626,282.700,927.493
44.745717527,-93.378177047,282.692,927.467
44.745717527,-93.378118467,282.686,927.447
44.745717527,-93.378059888,282.673,927.403
44.745717527,-93.378001308,282.654,927.341
44.745717527,-93.377942728,282.617,927.223
44.745717527,-93.377884149,282.577,927.092
44.745717527,-93.377825569,282.534,926.950
44.745717527,-93.377766990,282.485,926.787
44.745717527,-93.377708410,282.479,926.767
44.745717527,-93.377649831,282.540,926.970
44.745717527,-93.377591251,282.480,926.771
44.745717527,-93.377532672,282.259,926.047
44.745717527,-93.377474092,281.602,923.892
44.745717527,-93.377415513,281.176,922.492
44.745717527,-93.377356933,280.891,921.558
44.745717527,-93.377298354,280.860,921.457
44.745717527,-93.377239774,280.827,921.350
44.745717527,-93.377181195,280.793,921.237
44.745717527,-93.377122615,280.763,921.140
44.745717527,-93.377064036,280.786,921.215
44.745717527,-93.377005456,280.915,921.638
44.745717527,-93.376946877,280.942,921.726
44.745717527,-93.376888297,280.942,921.726
44.745717527,-93.376829718,280.981,921.853
44.745717527,-93.376771138,280.883,921.533
44.745717527,-93.376712559,280.691,920.904
44.745717527,-93.376653979,280.688,920.893
44.745717527,-93.376595400,280.710,920.965
44.745717527,-93.376536820,280.766,921.147
44.745717527,-93.376478240,280.565,920.490
44.745717527,-93.376419661,280.355,919.801
44.745758587,-93.378411365,282.788,927.782
44.745758587,-93.378352785,282.844,927.967
44.745758587,-93.378294206,282.817,927.876
44.745758587,-93.378235626,282.810,927.856
44.745758587,-93.378177047,282.809,927.850
44.745758587,-93.378118467,282.811,927.856
44.745758587,-93.378059888,282.813,927.865
44.745758587,-93.378001308,282.813,927.865
44.745758587,-93.377942728,282.794,927.800
44.745758587,-93.377884149,282.749,927.654
44.745758587,-93.377825569,282.684,927.442
44.745758587,-93.377766990,282.581,927.102
44.745758587,-93.377708410,282.580,927.099
44.745758587,-93.377649831,282.739,927.620
44.745758587,-93.377591251,282.689,927.456
44.745758587,-93.377532672,282.427,926.599
44.745758587,-93.377474092,281.628,923.976
44.745758587,-93.377415513,281.119,922.306
44.745758587,-93.377356933,280.786,921.214
44.745758587,-93.377298354,280.734,921.042
44.745758587,-93.377239774,280.701,920.935
44.745758587,-93.377181195,280.689,920.896
44.745758587,-93.377122615,280.715,920.980
44.745758587,-93.377064036,280.788,921.220
44.745758587,-93.377005456,280.951,921.755
44.745758587,-93.376946877,281.046,922.068
44.745758587,-93.376888297,281.114,922.289
44.745758587,-93.376829718,281.155,922.426
44.745758587,-93.376771138,281.022,921.987
44.745758587,-93.376712559,280.767,921.150
44.745758587,-93.376653979,280.763,921.138
44.745758587,-93.376595400,280.759,921.124
44.745758587,-93.376536820,280.753,921.107
44.745758587,-93.376478240,280.611,920.640
44.745758587,-93.376419661,280.459,920.142
